names,logFC_41_1:NA pharyngeal epithelium,logFC_78_0:pharyngeal gland cell,logFC_12_0:coelomocyte,logFC_4_0:BW muscles,logFC_7_2:anal and uterine muscles,logFC_4_1:BW muscles,"logFC_1_0:germline, pharyngeal muscle pm8",logFC_128_0:RIH inter neurons,logFC_30_3:rectal glands,logFC_41_0:pharyngeal gland,logFC_31_0:DTC distal tip,logFC_81_0:ADL amphid neurons,logFC_4_2:head muscle,logFC_11_0:vulva,logFC_71_0:ASG amphid neurons,logFC_68_0:NA motor neurons,logFC_99_0:ASJ amphid neurons,logFC_18_0:gonadal sheath cell,logFC_9_1:pharyngeal epithelium and marginal,logFC_138_0:PVT inter neurons,logFC_66_0:male inter neurons,logFC_2_0:posterior hypodermis,logFC_1_1:BW muscles,logFC_61_0:AVA/B inter neurons,logFC_37_0:CEP sheath,logFC_13_0:CEP socket?,logFC_9_2:pharyngeal epithelium and marginal,logFC_38_2:anal muscle,logFC_86_0:AVB inter neurons,logFC_17_0:HSN motor neurons,logFC_33_0:hypodermis,logFC_48_0:RIC inter neurons,logFC_33_1:hyp2,logFC_38_1:anal muscle,logFC_30_0:intestino-rectal valve,"logFC_26_2:pharyngeal muscle 6,7",logFC_15_0:pharyngeal arcade?,logFC_102_0:sphincter muscle,logFC_28_0:lumbar ganglion neurons,logFC_11_2:uterus vulva interface,logFC_11_1:uterus vulva interface,logFC_59_0:MI neurons,logFC_25_1:IL2 neurons,logFC_29_0:NA interneurons,logFC_126_0:M4 motor neurons,logFC_47_0:PHA/PHB amphid neurons,logFC_50_0:PVP anal neurons,logFC_34_0:NA glia,logFC_24_1:pharyngeal muscle,logFC_124_0:I4 inter neurons,logFC_137_0:PVR inter neurons,logFC_74_0:NA inter neurons,logFC_34_1:PH socket,logFC_49_0:AVD inter neurons,logFC_114_0:DVC inter neurons,logFC_88_0:NA glia,logFC_7_0:vulval muscle,logFC_27_0:NA epithelium,logFC_24_0:pharyngeal epithelium,logFC_62_0:PVQ inter neurons,logFC_95_0:M1 motor neurons,logFC_5_0:CEP socket,logFC_21_1:NA glia or tail hypodermis,logFC_104_0:AIA inter neurons,logFC_93_0:ADA inter neurons,logFC_56_0:M2 motor neurons,logFC_64_0:hypodermis,logFC_53_0:M2 motor neurons,logFC_36_0:CEP neurons,logFC_26_0:pharyngeal muscle 7,logFC_58_0:pharyngeal inter neurons 2,logFC_46_0:SIA/SIB inter neurons,logFC_92_0:AIM inter neurons,logFC_51_1:SDQ inter neurons,logFC_22_0:SIB neurons,logFC_32_0:SMD motor neurons,logFC_89_0:excretory gland cell,logFC_9_0:pharyngeal epithelium,logFC_20_2:PLM neurons,logFC_21_0:inner labial sheath,logFC_113_0:NA inter neurons,logFC_45_0:AM sheath,logFC_60_0:spermathecal-uterine valve,logFC_20_1:neurons,logFC_3_4:intestine,logFC_122_0:RIG inter neurons,logFC_77_0:ASI amphid neurons,logFC_125_0:M3 motor neurons,logFC_110_0:coelomocyte,logFC_109_0:RME motor neurons,logFC_52_0:RMD motor neurons,logFC_35_0:AFD amphid neurons,logFC_8_0:NA hypodermis,logFC_105_0:I5 inter neurons,logFC_58_1:pharyngeal inter neurons 1/3/6,logFC_54_0:PHC and PVM neurons,logFC_116_0:NSM motor neurons ,logFC_67_0:pharyngeal neurons,logFC_23_0:GLR cells,logFC_75_0:NA neurons,logFC_134_0:NA sensory neurons,logFC_20_0:touch neurons,logFC_117_0:DD motor neurons,logFC_14_1:AS/VA/SAB motor neurons,logFC_73_0:PVC inter neurons,logFC_108_0:LUA inter neurons,logFC_107_0:RMG motor neurons,logFC_96_0:M5 motor neurons,logFC_25_0:IL2 neurons,logFC_44_0:IL1 neurons ventral dorsal,logFC_6_3:motor neurons,logFC_6_1:VA/VB motor neurons,logFC_63_0:ASK amphid neurons,logFC_14_0:AS/VA motor neurons,logFC_140_0:ALA neurons,logFC_1_2:intestinal muscles,logFC_10_0:VD motor neurons,logFC_79_1:excretory cell,logFC_94_0:RMH motor neurons,logFC_100_0:OLL sensory neurons,logFC_136_0:DA/PDA tail motor neurons,logFC_42_0:NA excretory,logFC_119_0:GLR cells,logFC_38_3:NA muscle,logFC_3_0:germline,"logFC_115_0:RIV/SAA inter neurons, SMB motor neurons",logFC_6_0:motor neurons,logFC_3_1:intestine,logFC_97_0:AIB inter neurons,"logFC_7_4:inestinal, anal and uterine muscles",logFC_90_0:AUA neurons,logFC_123_0:AVF inter neurons,logFC_69_0:excretory canal neurons,logFC_72_0:OLQ sensory neurons,logFC_106_0:AWA amphid neurons,"logFC_82_0:excretory pore, hypodermis, seam, vulF",logFC_110_1:hmc head mesoderm,logFC_11_3:uterine seam cell,logFC_85_0:BAG neurons,logFC_103_0:DVA inter neurons,logFC_39_0:URX neurons,logFC_143_0:vulval muscle 1,logFC_47_1:ASH amphid neurons,logFC_70_0:PVD inter neurons,logFC_144_0:RIS inter neurons,logFC_112_0:AIA/AIY inter neurons,logFC_19_0:VC1-5 neurons,logFC_35_1:ASEL amphid neurons,logFC_39_3:RIP neurons,logFC_111_0:RMD motor neurons,logFC_127_0:NA motor neurons,"logFC_98_0:VC1-3,6 motor neurons",logFC_101_0:AWB amphid neurons,logFC_141_0:NA sheath glia,logFC_120_0:AVJ/RIM inter neurons,logFC_121_0:RIB inter neurons,logFC_65_0:URY neurons?,logFC_76_0:NA motor neurons,logFC_130_0:VD motor neurons,logFC_14_2:AS11/VA/PDB motor neurons,logFC_36_3:PDE neurons,logFC_145_0:VC motor neurons 4-5,logFC_3_5:intestine
hsp-16.2,-32.371414,-33.813374,-5.872843,-28.644083,-1.8268307,-30.720625,5.298545,1.0903778,-0.85348195,-4.2322855,-33.936016,-0.5114518,0.068001695,-35.0999,1.4242322,-0.22240639,2.2749376,0.052204,-35.065094,-3.485543,-3.2086015,-27.997444,-34.961864,1.2898221,0.33856618,-34.29261,-34.654198,-29.255688,0.4989721,-4.463155,2.5440705,-3.0233657,1.273404,0.942277,-2.4144137,0.98698425,3.8258424,-29.021572,-1.11504,-33.84235,-34.713673,-0.023071915,0.18591951,0.7870277,0.32142022,-1.5534862,-2.1455786,-0.8107011,-34.100674,4.7116604,-2.995749,-0.84650475,3.1262052,2.9608614,-5.7797656,1.4522038,-28.626154,2.581628,-34.0543,-3.492712,1.9380494,-31.355602,1.878525,-0.0707434,-2.7489831,1.0117168,-28.725328,-35.491425,2.468191,-31.25984,2.0421667,-1.6097547,-0.07703969,-2.5696583,-0.7897043,1.4008415,-30.81943,-34.2639,-1.8061819,1.108434,1.3945713,-0.37993518,-0.0772606,-3.7499418,-32.50355,2.172317,3.6153934,-0.6419585,1.4259999,1.3055278,-0.16173038,1.5205764,5.776301,-0.7247238,-0.45493087,3.5171406,1.8051871,-1.7604222,1.3753002,-3.2626758,-0.99877787,-2.7402132,-4.3579683,-2.1067371,-1.7284135,-1.5901784,1.337756,-1.7060144,-0.59055823,-2.0104766,-1.70514,-0.62048566,2.1311755,-1.0481882,-1.6050347,2.987921,-1.9679496,-1.5667708,-0.42517763,2.8249915,0.25168735,-29.743418,-0.27884558,-31.78161,3.9873714,1.9482123,-0.6470356,0.32527402,-2.277932,-4.544152,0.7421317,-3.0736535,-1.1850572,4.7759533,1.9453588,2.6740427,-1.823085,3.3138757,-0.97210246,-2.2004333,1.0558151,0.1412028,-3.8130631,1.5611913,-2.3932455,-4.9486194,-1.7382892,-2.1354907,0.06413376,-2.8802385,-2.4952474,-1.5068904,-3.4158533,1.1972563,-2.4843,-0.055152494,-1.2772675,-4.1342854,-2.0935886,12.025167,-33.32736,0.25984487,-7.270478
hsp-70,-28.552044,-31.26065,-1.7242124,-32.159092,-1.3735951,-32.809765,7.3318114,-2.5509453,-31.622742,-31.242464,-5.782597,-1.128128,-0.50793916,1.0342573,1.6564757,-0.14697553,2.0909607,-0.20902771,-31.117182,-5.7858143,-32.478115,-27.151594,1.2096219,0.63656,0.0027109543,-32.05433,-31.049744,-4.0801005,0.117608085,-7.724709,-1.2312833,-3.5467467,-0.40540013,2.773452,-2.3156576,-4.678995,-0.81901014,-36.354877,-5.0439177,-31.756012,-33.125786,0.90638787,0.47514257,2.5102885,-3.3745387,-4.6546683,-5.0989165,1.8027419,-31.082088,2.0716176,-7.442109,-0.35377342,0.060502306,3.158601,-4.2118134,2.1532621,-30.49272,1.7862532,-0.8227334,-7.1062818,-0.42913172,-25.685751,-1.2310216,-3.6481357,-3.9372973,-0.3247211,-26.101582,-30.03524,2.9430869,-2.5004103,-0.111706,-2.1784813,-1.4766977,-0.44330868,-0.067153916,0.4306677,-29.992537,-31.75539,-6.226387,-29.214804,0.67834795,-30.513422,-4.6013346,-7.2308035,-29.387333,-7.526256,0.726888,-0.9959322,-3.1879008,1.0105827,-0.37875187,1.6297457,2.2680295,-1.010458,-2.2927852,-0.342973,-0.7009135,-3.896986,3.760713,-35.35047,-2.6978238,-5.351107,-1.8664428,-0.23942898,-1.479566,-2.6212852,-4.4721127,-3.2830353,-1.5256531,-30.762548,-1.4665514,-1.4379045,-1.7919289,-0.9700013,-9.070961,2.690139,-4.8552823,30.102455,0.84963,-2.077663,-2.1336126,-27.3133,-0.33196393,0.14351884,5.6409044,3.6727207,-1.4641402,-0.16906385,-2.3906868,-0.14200562,-2.7519248,-5.576871,-3.8084931,0.15222178,-0.9800547,0.0,-3.4274976,2.768885,-1.8735318,-4.0277247,-0.53319013,-0.2475055,-4.951245,-1.1828504,-8.363643,-3.1007016,-1.3885865,-9.176605,-33.323322,-2.0074878,-2.9284492,-0.9509033,-2.55635,-27.99536,-3.3755004,-1.4637029,-0.87819135,-1.3888191,-3.2421994,-35.537197,-2.4743373,-3.8206928,-35.43117
hsp-4,-32.754105,-31.188868,-5.9700327,1.9384315,8.004311,-31.058624,-32.29141,-26.233095,10.668487,-31.307577,1.7050647,2.870833,5.081516,-0.19118722,0.53635526,5.2693334,2.5494099,1.7698317,-29.395794,12.252448,7.045107,4.812635,3.5218902,4.9371634,-27.978712,2.821503,-28.190483,-30.114862,6.062189,5.357467,-2.5343413,-0.6857064,0.20003457,37.81664,-2.539021,-28.123392,0.79260916,-30.415363,10.760288,-33.789116,-33.403427,0.068985954,-0.72728366,4.1272655,3.0234566,9.718737,9.425553,3.8566475,-29.257616,0.84533036,8.276317,2.8417363,1.0773197,1.0522752,7.910487,2.0204747,0.4561233,-0.76831937,-26.026306,11.763225,0.5466099,6.677859,-31.223152,4.5492864,-1.1640805,1.5147709,-28.095322,-29.65108,-0.07366555,-27.90143,0.1778663,6.762734,2.3680208,7.077913,5.2702417,2.5488973,-1.6852797,-29.111353,7.8057485,-0.880035,1.0279415,7.3255157,4.1015263,4.011124,0.41270038,31.2234,1.5318791,2.3301697,1.2624336,2.7365592,1.5868509,-4.1829534,-2.3431246,5.235836,6.049234,8.316734,0.06305272,3.0938835,0.96237755,10.103809,9.889635,3.204249,7.79534,1.2871011,8.409457,6.252836,2.243038,6.263362,-0.88193214,-28.939526,6.1661077,1.8178174,2.1230452,2.9685698,12.165104,3.8477712,5.600763,-0.4936922,3.1456141,-31.527418,8.859141,-28.10316,6.9920225,30.470201,-29.15191,-1.1809419,3.5478768,0.97305834,-2.1215537,6.9457912,0.9308916,7.836454,3.1762767,1.5731776,-0.07842148,-1.4353296,1.5221965,0.91854465,1.6825185,2.760817,0.006162962,-0.8619729,2.2581694,0.19752878,2.7995129,4.0172267,-1.6645341,4.305649,-3.6704888,-1.3750345,4.3599005,-1.088146,5.7946005,-2.3162549,4.354748,0.9687385,0.20593314,0.12694103,1.8866915,-31.460836,1.8078557,-0.22726016,-0.631568
gst-4,0.0,0.0,6.967684,-29.324951,-26.242401,-29.901484,-26.597725,0.0,0.0,0.0,-26.044329,0.0,0.0,0.0,-25.167099,0.0,0.0,3.9073765,-23.430042,0.0,0.0,-31.784712,-29.071568,0.0,29.155792,-25.736193,-25.44893,0.0,0.0,0.0,1.5429939,-25.111301,0.2658693,-27.272247,0.0,0.0,0.0,-25.310423,0.0,0.0,0.0,0.0,0.0,26.90604,0.0,0.0,0.0,0.0,0.0,0.0,0.0,0.0,0.0,0.0,0.0,27.154215,-25.792957,0.0,-24.279446,-25.397211,0.0,-22.78974,0.0,0.0,0.0,0.0,0.0,0.0,0.0,0.0,0.0,0.0,0.0,0.0,0.0,0.0,-25.895216,-23.270329,0.0,-24.564444,0.0,-26.306946,0.0,0.0,0.0,0.0,-1.849621,0.0,-27.514002,0.0,0.0,0.0,-24.111414,0.0,0.0,0.0,0.0,0.0,-23.968098,0.0,0.0,0.0,0.0,0.0,0.0,0.0,0.0,0.0,0.0,-25.193151,-25.381,0.0,-26.07957,-24.829792,0.0,0.0,-22.941875,30.159498,0.0,0.0,-27.135511,0.0,-26.91686,0.0,-27.089458,0.0,-25.718132,1.603123,0.0,0.0,0.0,0.0,27.702532,0.0,0.0,-29.354364,0.0,0.0,0.0,-25.535088,-25.839361,-27.999584,26.532139,0.0,0.0,27.83498,0.0,0.0,-27.318285,0.0,0.0,0.0,0.0,0.0,0.0,0.0,0.0,0.0,0.0,0.0,0.0,0.0,-1.0089471
ctl-1,0.0,-24.914112,-27.580673,0.0,0.0,-24.04834,-26.413355,0.0,34.178078,0.0,0.0,0.0,0.0,-25.53498,-25.23967,0.0,1.3349916,-27.399338,0.0,0.0,0.0,-26.538218,-27.9231,0.0,1.597995,0.0,0.0,0.0,0.0,-26.469456,-1.2369565,0.0,-2.4073627,0.0,1.1663077,0.0,0.0,0.0,-24.295212,0.0,0.0,0.0,-25.541996,0.0,0.0,-25.643667,-26.010296,0.0,0.0,0.0,0.0,-25.846615,0.0,0.0,0.0,0.0,0.0,0.0,-24.123442,-25.517649,0.0,-23.883291,0.0,0.0,0.0,0.0,0.0,0.0,0.0,-24.359035,0.0,0.0,0.0,0.0,1.5157951,0.0,0.0,-23.29705,-27.192097,0.0,0.0,26.436674,0.8211411,27.194569,0.0,0.0,0.0,0.0,0.0,0.0,0.0,0.0,2.2218697,0.0,0.0,-27.829264,-26.678568,0.0,-23.756721,0.0,0.0,0.0,0.0,-26.864923,0.0,0.0,0.0,-25.870213,0.0,0.0,0.0,0.0,0.0,0.0,-26.385046,-27.327763,-22.674189,0.0,0.0,0.0,0.0,-24.791656,0.0,0.0,0.0,0.0,0.0,0.0,0.0,0.0,-25.845343,27.284502,0.0,0.0,0.0,0.0,0.66014695,0.0,0.0,0.0,0.0,0.0,0.0,-27.099298,0.0,0.0,-23.53236,0.0,0.0,0.0,-27.121317,0.0,0.0,-27.795036,0.0,0.0,26.276314,0.0,0.0,0.0,0.0,0.0,0.6810087
ctl-2,0.0,0.0,-24.468239,-22.7844,0.0,-23.058016,-27.25786,0.0,-29.120836,0.0,0.0,0.0,0.0,0.0,-25.29147,0.0,0.0,0.0,-23.484547,0.0,0.0,-29.652882,0.0,25.991138,27.476765,-26.816343,-23.77911,0.0,0.0,0.0,-2.487302,-26.056236,0.37315357,0.0,-1.76956,0.0,-23.700628,0.0,-24.579458,0.0,0.0,0.0,0.0,0.0,0.0,-25.929298,0.0,-25.4807,-26.165545,0.0,0.0,0.0,-26.599962,25.476114,-26.489445,-26.908104,-24.861967,0.0,-23.955292,0.0,-26.212353,-23.63237,-26.982464,0.0,0.0,0.0,-25.004728,-24.309946,27.488598,-24.904715,0.0,0.0,26.694712,0.0,0.0,26.069746,-25.410282,0.0,0.0,-24.227636,0.0,0.0,-25.306145,0.0,0.0,0.0,-25.562431,0.0,0.0,0.0,-24.829128,0.0,0.0,0.0,-26.786686,-24.427694,0.0,0.0,1.4377345,27.448315,0.0,0.0,0.0,0.0,0.0,-26.107054,-26.723717,0.0,0.0,0.0,-24.694235,25.094364,0.0,0.72668177,0.0,0.0,1.0237104,0.0,26.39009,0.0,0.0,0.0,0.0,0.0,0.0,27.772863,25.916916,-27.869385,0.0,0.0,0.0,0.0,0.0,0.0,0.0,-27.900238,0.0,0.0,0.0,0.0,0.0,0.0,0.0,0.0,0.0,0.0,-23.733236,0.0,0.0,-26.447582,0.0,0.0,26.913458,0.0,0.0,0.0,0.0,0.0,0.0,0.0,0.0,0.0,0.9333078
atg-18,-31.783653,-31.974274,-0.9707602,-30.425974,-1.6544393,-33.070724,1.2865511,-0.123243995,-29.907211,0.33025455,-34.709732,-2.27045,2.0430229,-31.90686,-3.1459255,-1.5071892,-1.0014224,-0.016368592,-32.80174,-1.8572574,1.9961436,-31.373114,-34.177925,0.052256487,-0.7555389,7.4877086,-32.19654,-30.138346,0.8088329,-0.86178136,-0.67475885,-0.5177623,-0.0072456207,3.6933863,-1.8304131,0.2804408,-0.38204843,-33.028862,0.03371227,3.846775,-30.79748,-1.4076103,1.1043122,-1.5866455,-1.1525627,-1.9754548,-0.7309435,0.49784747,1.0827591,-0.14842544,-1.0645671,-0.85704064,2.007478,0.018302938,-1.2408719,2.089821,-30.89222,1.2751669,-0.66999865,-1.1086601,0.8199423,-32.20238,3.5815418,-2.9101224,-2.6157935,-0.030790241,2.4569037,-31.480839,-1.2867049,-30.617805,1.2432092,-0.13423817,0.40517348,-2.8466492,0.9986542,-0.26463878,-30.89868,-0.6698153,-2.9616797,0.585984,0.38179976,1.9197978,-0.50058144,-2.510908,-30.531425,-1.8696676,-0.5969964,1.9743999,-1.8917103,-0.7144024,-0.20475775,0.9496882,-0.89432746,-2.3232698,0.008281491,-2.5804777,-0.0033124213,-0.72192323,-0.7496966,0.9480122,1.8446103,0.4973937,-0.9242073,-0.61280316,-3.1460505,0.11318621,0.43777895,-1.6359407,-1.6163114,0.36499816,0.4008836,0.14961877,-2.31869,-0.24391052,-1.3589537,1.6357756,-0.82729113,-0.7688349,-1.9908721,1.1109737,2.8507712,-31.164185,0.51152086,-0.4238742,-30.09536,-0.7247877,-0.019430654,-1.1660411,-1.3414098,0.9185666,-0.27112785,-1.051601,-0.5579807,-0.8621652,0.62567884,3.9322305,-0.063198045,0.029027035,-1.4048828,0.95609945,0.54131454,-0.11534167,-0.39872333,-0.4592939,-1.9975884,1.6342851,-0.50817394,-1.9374558,-30.335281,-0.24332531,-1.7058177,-0.074627504,0.46584213,-1.8665348,0.50242275,-0.093959756,-1.0259233,-1.3948314,-0.4424054,-32.403908,0.3547015,3.3092992,1.1676414
lgg-1,-37.40081,-6.2601466,-7.846996,-34.848053,-3.3046384,-38.078053,-0.00737366,-0.8222306,-37.776836,0.39210764,-6.5840178,-2.2456167,-2.484924,-35.898983,0.09228981,-0.49702236,-1.7620903,-3.4847002,-2.1502256,-4.316961,-1.0444548,-37.608295,-38.30298,-0.9004876,-2.3057683,0.97123134,-4.9454246,-35.848816,-1.1819303,-1.5190802,-2.9135482,-1.4381953,0.64508086,1.0942888,-2.8081238,-0.30901465,-0.15898892,-38.862118,-1.7643913,-2.8793612,3.6269739,-2.9672618,0.40805665,-0.45046383,-2.1225338,-3.1432784,-2.3503363,-0.2707234,-38.144634,-0.8799822,-4.238555,-0.0459012,1.1456766,-2.9684675,-1.2838105,2.156423,-33.702892,-0.2720305,-4.450235,-3.013083,-1.1725339,-1.9274217,1.063561,-2.309489,-2.1574895,-1.9183334,0.3995581,-37.47857,-0.12558722,-2.2102597,-1.3146604,0.3888147,-1.4627353,-4.2608433,1.7398983,-0.1373377,-0.6326,-4.5360546,-3.315282,1.3835127,-0.6832981,0.9450281,-1.4248602,-3.4371488,1.8729429,-1.4465495,1.0265867,-2.0242736,-3.039857,-1.6167868,-0.89010406,1.472893,-2.7121317,-0.7878814,-3.19835,-1.7941604,1.4799432,-1.3911664,-2.8064013,-1.9587193,-1.6084105,-1.335004,-2.0831194,-2.6697242,-3.4686284,-2.7877257,0.9367188,-2.1543443,-2.5525913,-0.6250167,-2.9587445,-1.1546489,-0.79283994,-3.1221511,-3.1039388,-1.4602464,-3.846989,-4.8205824,-1.6856736,0.6061941,-4.5293713,2.8397052,-0.8893708,0.39766333,-32.864826,-0.29626036,-1.594487,-4.232861,-0.4244564,-1.9472791,-1.5058444,-3.472346,-3.887756,-0.510246,-2.2808666,2.344223,0.23780589,2.5521774,-1.3401792,2.649071,0.0072229295,-0.9083141,0.29167706,1.632742,-2.187939,2.0515203,-0.13706005,1.4681231,1.0355586,0.42587328,-4.023925,0.5721367,0.86730534,-3.927262,-1.6764834,-0.67647785,-1.4598887,0.7916937,0.61819255,-35.909462,0.12563796,1.8363942,0.78819746
bec-1,-30.725245,-29.90966,-3.0275514,-3.1411738,-0.6036205,-34.42326,0.99669415,-27.874725,10.445478,2.0387073,-33.494755,0.052781355,-35.109535,2.2568614,-2.0250328,0.09586387,-1.7084395,-1.6059271,-30.262299,-29.623186,-0.8769946,-31.670687,-33.782043,-0.5343304,-0.48625326,-30.509708,-30.756748,-30.42656,1.307859,-1.3107885,-0.9476681,-1.2169231,1.1085892,3.1604261,0.6464,-3.953675,0.29036903,-29.40124,-2.0155694,-31.000113,-30.454268,-0.5535376,-0.054105636,-1.4364249,-0.9471029,2.004964,-2.4683392,2.7622912,2.2086818,-2.7298005,-1.1982981,0.7899562,0.5884106,-1.1910121,4.5042133,0.6522487,-29.69022,0.39538786,-27.999926,-0.107592426,-28.845505,3.6205888,0.74578685,-29.412182,1.7715122,-0.37745357,2.5819373,-27.908264,-1.1139613,-2.5928466,1.3936981,-0.2392662,-27.34692,-29.8341,0.08115167,-0.28982857,-28.43589,-28.208847,-30.26201,0.6526602,-27.298765,2.65989,2.9912398,-2.1414194,-32.645226,-1.7803024,-1.0573803,0.030409649,-0.5595103,-27.24849,0.90229595,-2.0739112,1.569136,-0.46043038,2.077269,0.8871599,-2.037654,-27.939861,-0.32109377,-2.257004,28.90288,-1.6187068,-27.65246,-28.175169,0.7121164,-1.2146466,3.2962248,0.6776106,-0.21154986,-27.685654,-3.9324112,-26.203197,-2.2741947,-2.7638261,-28.458847,-0.19251156,-2.4872975,0.3530326,-1.9459761,-29.570038,0.8773353,-28.550936,2.1732328,-30.239244,-28.531479,0.0,-27.204351,1.6539942,27.329206,0.27512527,0.5524615,-27.18888,-0.40776718,-0.06294747,-1.8037823,3.778563,-0.12652434,1.443821,-1.0463347,1.3659205,-0.7541364,0.9083669,1.1773806,-0.62769014,-29.141968,27.75404,-0.3090991,-0.61738205,-0.66462183,1.9786254,27.017084,-28.884716,0.8333279,1.7883388,-28.522385,-2.7172723,-1.8133117,0.0,-27.769901,-27.540192,-30.514801,0.0,-30.335413
sip-1,-26.950613,-25.676893,-25.408484,-22.95539,0.0,-26.049562,-26.442595,0.0,-27.245224,0.0,0.0,0.0,0.0,-26.548374,0.0,0.0,0.0,2.040438,0.0,0.0,0.0,-24.45911,-27.159142,0.0,26.49685,0.0,0.0,0.0,-25.936098,0.0,0.0,0.0,26.580713,0.0,0.0,0.0,0.0,0.0,-25.39775,0.0,-25.460026,0.0,0.0,-24.17053,-26.970985,0.0,0.0,0.0,0.0,0.0,-27.024122,0.0,-26.599962,25.933088,0.0,0.0,0.0,-24.359154,0.0,-25.141819,0.0,-25.998365,0.0,0.0,0.0,-25.181189,-25.076277,0.0,-25.35872,0.0,0.0,-26.819016,-27.547108,0.0,-25.237286,26.850903,0.0,-23.32677,0.0,-24.750055,28.568354,0.0,-25.348734,-26.105165,0.0,0.0,-27.1655,0.0,0.0,0.0,26.272322,0.0,-25.031502,0.0,-27.10915,0.0,0.0,0.0,-26.013342,-26.53218,-26.68768,-25.394064,0.0,0.0,0.0,0.0,0.0,0.0,0.40625906,0.0,0.0,0.0,0.0,-26.254333,0.0,28.322208,-1.8299599,-28.59664,-28.325012,26.672123,0.0,-24.909418,0.0,0.0,-29.130705,0.0,-24.141218,-27.163263,0.0,28.72273,0.0,-27.572325,0.0,-25.367733,0.0,31.667053,0.0,-29.266298,0.0,0.0,26.770641,0.0,0.0,-26.154518,0.0,0.0,-23.856546,0.0,30.40434,-27.758223,0.0,0.0,0.0,0.0,0.0,27.382957,0.0,0.0,0.0,0.0,30.865538,0.0,0.0
myo-5,-26.451555,3.904115,-23.399021,-25.297415,0.0,-24.66273,-26.135242,0.0,0.0,-26.1697,0.0,0.0,0.0,0.0,0.0,0.0,0.0,0.28013042,-29.586903,-26.135757,0.0,-24.775621,0.0,0.0,26.963047,-26.558128,-29.330843,0.0,0.0,27.138742,0.0,0.0,0.0,0.0,0.0,5.9668756,-23.418728,0.0,-24.397797,33.48918,0.0,-25.231613,0.0,0.0,3.7937016,0.0,0.0,0.0,-34.737614,0.39686173,0.0,0.0,0.0,0.0,0.0,26.324932,-25.064344,1.019542,1.4771476,26.90354,0.0,-24.118013,-25.452589,26.913877,0.0,2.0387976,0.0,-27.293722,0.0,1.7490209,0.7884405,0.0,0.0,0.0,0.0,24.974783,0.0,1.4170598,0.0,0.0,3.24305,0.0,0.0,0.0,-30.373655,0.0,0.0,-0.2990219,0.0,0.14940205,-26.008951,0.0,3.52155,-27.712078,-27.934923,-24.689299,-2.4577231,27.177507,0.45096055,0.0,0.0,0.0,0.0,26.409933,1.1881391,0.0,0.0,0.0,-26.0083,0.0,25.583014,0.0,0.0,0.0,0.0,0.0,1.2708284,27.97264,26.364866,0.0,0.0,0.0,0.0,0.0,-26.916573,0.0,0.0,0.0,0.0,0.0,0.0,-27.526749,0.0,0.0,-26.382347,0.0,0.0,0.0,0.0,0.0,0.0,0.0,0.0,0.0,0.0,0.0,0.0,0.0,0.0,-26.565653,27.017084,0.0,26.027668,0.0,-26.978579,0.0,0.0,0.0,0.0,0.0,0.0,0.0,0.0
gpx-7,0.0,0.0,-26.291023,-26.410225,0.0,-23.378351,-24.798147,0.0,0.0,0.0,0.0,0.0,0.0,0.0,0.0,0.0,27.6565,0.0,-23.502129,0.0,0.0,-25.852985,0.0,0.0,0.0,0.0,0.0,0.0,0.0,0.0,0.0,25.77196,0.0,0.0,0.0,-27.210585,-23.629812,0.0,0.0,0.0,0.0,0.0,0.0,0.0,0.0,0.0,0.0,0.0,0.0,0.0,27.790657,0.0,0.0,0.0,0.0,0.0,-24.897507,0.0,0.0,0.0,0.0,-22.78974,0.0,0.0,0.0,0.0,0.0,0.0,0.0,0.0,0.0,0.0,0.0,0.0,0.8917172,-0.13560043,-25.583273,0.0,0.0,0.0,0.0,0.0,-25.348734,0.0,0.0,0.0,0.0,0.0,0.0,0.0,0.0,0.0,0.0,0.0,0.0,0.0,0.0,0.0,0.0,0.0,0.0,0.0,26.932693,0.0,0.0,0.0,27.101831,0.0,0.0,0.0,0.0,0.0,0.0,0.0,0.0,0.0,-22.834461,0.0,26.84164,0.0,0.0,0.0,0.0,0.0,0.0,0.0,0.0,0.0,27.488039,0.0,0.0,0.0,0.0,0.0,0.0,-27.919193,0.0,0.0,0.0,-25.666655,-25.686066,0.0,26.176876,0.0,0.0,0.5694167,-23.552502,0.0,0.0,0.0,0.0,1.1024548,0.0,0.0,0.0,0.0,26.038504,0.0,0.0,0.0,0.0,0.0,29.586655
lmd-3,-31.29187,-30.053322,-1.0303837,0.28733805,-0.6705511,-29.206503,-32.116165,1.5348498,4.2634892,-1.044548,-30.818102,-3.089795,1.3969687,-30.704006,-0.12372083,-1.4457186,-2.5466404,0.674067,-29.040272,1.3113134,-1.8055719,-33.78178,-31.370855,-1.0028802,-2.8520458,4.4342737,-28.648706,-30.654367,-1.6117796,-0.55923337,-1.8442565,0.9061281,-0.69892085,-29.636707,-29.612192,-2.578534,-0.36946476,-28.607967,-2.0386508,-29.439667,-29.637241,-3.1941369,-0.18464743,-2.685192,2.6362429,0.59131634,-2.6794484,0.31200272,-28.690487,-2.371918,-2.0185204,0.97004265,-2.0001295,-1.4939669,-1.6086172,-0.78115547,-28.928799,0.9192649,-29.040611,-3.6337254,-0.89074355,1.8721445,3.930269,-0.9931407,-1.7958401,-1.8807747,-0.3964924,0.037159503,-1.570496,-1.3967295,0.011369395,-1.5235038,-1.601063,0.13398135,-1.241581,-1.6586326,3.3398025,-28.572428,-0.58025694,-0.9426866,1.2736547,-2.646571,-2.695775,1.0012585,-30.521257,-1.7994537,-0.8424839,-1.1163118,0.66672194,0.62628686,-1.2713691,0.6947788,-1.1529647,0.43481347,-1.079188,-1.9761666,-3.0162678,-1.5538896,0.9727427,-1.6197624,0.622864,-1.5230744,-2.9859648,-0.78155166,-0.9441645,-0.7091431,0.10626161,0.12875566,-0.2430632,1.3678675,-0.18734014,-0.0063227927,-2.9095988,-1.7705467,-1.7892087,1.074519,0.8337702,0.60503924,-1.598706,0.56955045,-2.1694336,3.763207,-1.9557966,-30.451273,-31.100113,-1.4872828,-1.2016048,0.45523655,-3.4473863,-30.79473,-0.40192014,-3.2242177,0.7508343,-3.4695625,-0.66293925,6.754939,-0.38529631,-28.053764,0.7039944,-0.11263966,-1.6118678,2.5634317,0.7954819,3.017741,1.6521059,2.6858325,0.9351554,2.2032216,0.21751575,0.682939,0.4685328,0.53512335,1.1508639,-2.1330237,0.47001633,-0.8329064,0.17650104,2.3211966,1.6682993,-30.422388,-1.0548122,31.077238,1.8853493
ama-1,-30.414236,-1.0069479,1.2614341,4.647492,-0.27636003,-28.906834,1.0871941,-30.223732,4.696911,0.5657163,0.15990414,-1.1411543,-29.328716,-31.97238,-0.62355363,0.15671508,-0.9311459,-1.997732,-26.62429,0.84934986,0.4449667,-28.379753,-32.59623,-0.382123,0.21574081,1.7298487,-26.598698,-29.562012,0.63084,0.32370955,0.014135218,-0.99781966,0.91794866,0.14158107,-2.8424776,-0.17828912,0.89804506,-28.104733,-0.72468185,-28.31533,-28.432981,-0.27731848,-1.0671068,-1.2578623,-29.059275,1.0870794,-1.1979275,-30.115034,-26.977259,-29.322582,-0.5819743,0.68516326,-1.1477293,0.8303704,-0.31315365,-1.674843,-28.143698,1.1547059,-27.839106,0.72972006,0.71939945,3.003913,-27.799475,-1.1894997,0.2083099,-1.4868551,-29.08743,-27.238516,-1.5320728,2.4991922,-0.87261844,-0.5624067,-0.91943806,-0.5247694,-1.69101,-2.485246,-28.473452,2.213842,-2.3554895,2.5640194,0.9828196,0.45827562,-0.059710346,-1.8555517,3.8510313,-29.035736,0.91623485,-27.980156,-27.448315,-28.221962,0.018077828,-29.553532,-27.951374,-0.77068245,0.19096114,-3.40398,-2.8416705,-1.8795533,-1.2333814,-30.337936,-30.630814,-0.20436986,-0.746233,-1.4359255,-1.9996122,2.7882676,-28.766806,-0.52237463,-0.2965558,-27.700888,-1.5125372,-1.6841124,0.41928613,-2.9273229,-1.1048876,1.3883176,-3.251566,-27.750328,-0.26175907,-0.6097866,-29.563839,-29.257294,-0.77882457,-28.530079,-28.411175,-26.292118,-1.4622321,-27.335875,-25.964235,-0.7565755,-1.7871292,-3.112973,0.046562225,-1.6524715,-1.4541775,1.976086,0.17993301,-0.043611877,1.6185237,-0.011356427,0.1668834,-1.3610617,-0.85654616,-0.53980166,-0.01831807,1.4166813,0.2872729,0.11175793,-31.182669,29.843727,-1.8404154,-0.12742096,0.3841447,0.037882358,-27.987637,0.06584583,-27.061325,1.9882373,-27.991869,0.0,2.4649813,4.9219046,0.0
act-1,-33.317394,-0.04332104,-31.532385,-5.6092353,1.344796,-40.072495,3.7393806,-0.518614,4.296969,-2.7919285,-34.55457,-1.3707836,0.9799866,-34.791794,-1.9193314,-1.0900936,-3.4625933,5.460598,1.9319323,-28.966839,0.16122776,-32.639233,-39.42644,-0.6045653,2.1807961,-0.49665034,-31.54172,-0.79344416,-1.4691058,-0.5799574,-2.4309633,2.204773,0.31058487,3.001736,-1.3476204,1.7542458,2.0938506,-3.345571,-6.4211082,-36.291546,-0.8319238,-1.0684996,-1.1327592,-1.6900439,1.4497923,3.931292,-3.9935842,-0.3088787,-4.311595,0.21170633,-2.7268634,-30.203293,0.68189114,1.3419931,-0.41902104,1.9872515,2.2023904,1.071232,-1.7760148,-4.0522575,-29.596697,0.8704746,1.6053141,-26.24594,0.26125988,0.14755249,1.108904,-29.584688,-2.832651,-1.1534317,-1.8871214,-4.6164646,-28.22203,-6.226361,-2.5232236,-1.1363245,10.299822,-1.4003259,-3.4033585,-0.9186954,-27.635908,6.2097583,0.017152393,-32.066635,2.6017544,0.7324883,0.2882561,0.95375925,2.331445,0.40797958,-2.411468,3.0166514,1.8526322,-29.627748,-30.523943,-3.15597,-2.8579383,-4.335866,0.7049395,-2.5132613,-1.9236381,0.005565212,-26.704573,-31.230745,-2.1785076,-30.23159,0.30780962,-0.41473842,-2.6006858,-27.673632,-5.6885977,-1.8370602,-1.0630562,-5.067664,0.62604415,1.5393617,-3.9344182,3.175175,-0.55282056,-29.114408,-30.896332,3.622248,2.2584224,6.1199293,-32.727528,1.800025,-4.228043,1.2319156,-27.309282,1.3090551,-0.4589416,-0.51870733,-2.1827953,-2.6475623,-2.4698534,7.87369,-0.6428868,3.3524942,3.126207,1.3046871,1.9410672,0.7914637,3.3238676,-0.48712456,1.0667939,0.1922728,-1.6887293,0.63268083,3.207575,-2.8452172,0.9444992,-30.358252,0.0,-0.26488954,-26.93425,-3.895397,-0.8159412,-25.532461,-30.004715,-33.148006,-0.5135683,-32.650864,29.289854
cdc-42,-32.20336,-31.565567,-31.509066,-30.474403,-0.82878214,-31.271555,-33.001812,0.8036128,-32.27402,0.43575057,-34.13049,-2.6982384,-0.69725096,1.2753493,-2.237303,-0.18671153,-1.0212104,-1.3291835,-30.98344,0.94062155,-0.53078353,-30.462347,-34.8397,-2.0258043,-1.9562382,-32.74324,-31.176859,-31.228249,0.4916686,0.9441656,-2.5358064,-0.4912017,1.2109076,1.2296045,-3.7285833,1.3197553,-0.017708825,-31.348915,-2.239728,0.39598382,-31.459606,-0.9292676,-0.65418667,-2.083605,0.88661265,-2.1209447,-0.7199074,-33.735638,-31.454914,-1.8064704,-0.7536795,-0.038652357,0.47235376,-1.412855,-0.36878693,2.5889356,-30.3436,-0.06682237,1.8977778,-0.9262953,0.16848251,4.008777,2.0040512,-3.693785,-0.72852916,-1.1664742,-0.53448707,-30.390717,-0.31952682,-30.07634,0.15955581,0.82644975,0.43364775,-1.3598839,-0.6695767,-1.1418703,-30.73822,-30.27965,-2.0009925,2.096264,-0.48950142,4.781361,0.97022337,-1.1942267,1.1803662,-0.15691033,-2.2887375,-0.101921454,-1.3121053,-0.82611173,-0.55401397,-0.15419233,-0.3215351,-2.2024922,-1.4930034,-0.6049331,1.0830609,-2.2442136,-1.1096381,-1.2782773,0.2233761,0.600007,-31.28975,-2.1863632,-0.7282834,-0.8338194,-0.66367155,-0.05277478,-1.4112599,-0.516303,-1.4975871,-0.82585967,-3.4646313,-3.0343468,-1.0986793,1.1765574,-0.7816123,-0.17598918,-0.8876335,-1.8214815,1.1856327,-30.533148,1.3676714,1.5196693,-29.46288,-2.0459795,-1.2983023,-2.2823074,0.2788437,0.52778095,0.8812812,-0.19272189,-3.2877169,-0.6722223,-0.64361334,4.9902034,0.9172338,-0.013017786,1.3600996,3.7355995,0.39346334,3.491663,0.36114722,0.6585797,-1.5768951,2.563162,0.60197306,1.4650716,2.9884777,1.7165611,1.0331534,-0.1743847,3.0092494,-0.72960085,4.065057,-0.84687734,-0.7005619,1.3260081,0.6165422,4.4371834,-31.176622,-1.4618955,-1.438419
pms-2,0.0,0.0,-23.338377,-28.540245,1.3802474,-28.391073,-27.044859,0.0,0.0,0.0,-26.032911,-25.321806,-28.35597,0.0,0.0,0.0,-27.228168,-26.340757,0.0,0.0,0.0,-25.569447,-28.223475,0.0,0.0,0.0,-23.998137,-28.296053,0.0,-23.458334,1.806734,0.0,0.0,-28.269566,0.0,0.0,-24.710438,-27.41367,0.0,-28.184021,-26.19586,-24.938677,0.0,0.0,0.0,-26.259258,0.0,0.0,-25.158285,0.0,0.0,0.0,0.0,0.0,0.0,0.0,-24.412106,0.0,0.0,0.0,0.0,0.0,0.0,0.0,0.0,0.0,0.0,0.0,-24.933607,-26.704906,0.0,0.0,0.0,0.0,-23.598265,0.0,0.0,0.0,-25.716259,0.0,0.0,0.33881032,0.0,0.0,0.0,0.0,-28.135397,0.0,-27.006117,0.0,0.0,0.0,-25.04548,-26.1376,0.0,-24.980366,0.0,0.0,0.8788853,-25.451473,0.0,-25.394064,0.0,0.0,0.0,-27.306452,0.0,0.0,0.0,0.0,-24.551048,-24.469072,-24.917416,0.0,0.0,0.0,0.0,0.0,0.0,0.0,-26.962446,-24.951801,0.0,0.0,0.0,0.0,0.0,0.0,0.0,28.798698,0.0,0.0,0.0,0.0,-31.145813,0.0,0.0,0.0,0.0,-26.49369,0.0,0.6072322,0.0,0.0,0.0,-26.63174,0.0,1.0485314,0.0,0.0,0.0,0.0,0.0,0.0,0.0,0.0,0.0,0.0,0.0,0.0,0.0,0.0,-33.582863
wwp-1,-31.286867,-1.3294097,-1.678276,1.1866859,0.6209612,4.907308,1.0420624,-1.5716454,1.7245541,0.5588683,0.0012706134,-1.9404844,-31.310177,-32.26171,-3.17681,1.2900488,-1.0173839,0.043007966,-30.222929,-0.28134227,0.29978836,4.920385,0.65416896,-0.14464723,-1.0103979,-31.924084,5.0079665,-29.82979,1.7553313,0.6794818,-1.4472991,0.80363625,-0.49301344,1.8209804,-2.1348834,0.30602506,-0.048429046,-30.128277,-1.6481742,0.087853745,-32.17756,0.19856419,-0.5728712,-0.6173401,0.42274535,-0.26109493,-0.38128197,-2.3977783,-30.4325,-0.7756724,-0.6582025,0.9653557,-0.93327975,-0.31349698,0.6003553,-0.2095685,5.8358903,0.7630387,3.5300663,-0.15515827,1.994374,2.0957458,0.08856516,-1.9781018,-2.025819,0.32142097,-0.4401394,-29.930597,-0.95608777,-1.6402456,1.4750783,0.07588764,0.09456161,-2.021773,0.36793602,-0.9663346,-29.300264,2.0611014,-2.3143177,1.7411768,0.7528462,2.5033982,0.49430197,-0.552175,0.38659042,-4.907997,-1.0187409,-0.0019059818,-0.3384369,0.8981171,-1.5103135,1.2368075,-0.3497444,0.07595258,-2.0167222,-0.16536868,-0.6353947,-0.45582813,0.8010128,0.116144456,1.0896759,1.360558,-3.01287,0.13754652,-1.4452794,0.29219925,-2.4773924,-0.47852406,0.17310219,-2.4644349,-0.65000236,-0.7703441,-1.4340343,-0.58412457,2.1882253,0.056211874,-0.5208055,0.7276195,-0.799582,-1.3007839,-29.497658,-28.900743,0.09001383,3.2263708,-29.302088,2.74132,0.8268373,-0.3322234,0.21374317,3.0253778,-1.4076691,0.20136365,-2.3063948,0.26994377,-1.3217933,-0.5220122,1.871269,-2.9368665,-0.3976559,-1.589233,-0.07909622,-0.4298678,-0.012768549,0.51306796,1.7617843,3.1046543,-2.9125726,0.06131602,-2.2828033,1.4321296,-0.023218889,0.2687971,0.6654979,-2.2068422,0.8861099,-1.0654814,-0.92667603,-0.17875843,0.49413666,-30.012127,1.8362248,0.8854215,0.65411645
rbx-1,-31.05514,-29.637857,-31.571398,1.0983496,0.44996437,-29.682098,0.41070706,0.39913133,-31.800987,-1.8122809,-33.68264,-1.5348992,-27.160704,-31.993242,-1.9189945,1.6369054,0.5262138,1.1500549,-30.53442,3.0834718,0.59548676,-30.014442,-34.545326,0.35314104,-0.78401124,-30.50763,-31.89987,-27.210585,2.15901,0.81478393,0.11820709,-0.0818442,1.1618433,4.053911,0.5559583,0.58388793,-0.13596034,-27.680475,-1.6508994,0.49321726,-31.66864,-1.7760463,-0.47289568,-1.8073089,-1.2366198,1.7669897,-3.1126702,-32.604233,-30.255194,0.40831378,-1.5457274,1.6042978,-0.39407688,0.057773653,1.0617092,0.24059151,-28.70933,0.009858132,-30.518463,-1.4664531,-0.17749658,-30.109941,-30.92493,0.0,-26.245602,-0.15948093,0.64731675,-27.231922,-1.3951207,-26.951056,-0.80286866,-0.22200479,-0.73558986,-0.93758625,-0.63942146,0.03255722,-30.658184,-30.507193,-2.2207808,1.8834682,1.359032,-0.6587268,1.0203353,-3.1721869,-30.667171,-0.8998115,0.48318428,-30.430342,2.0495653,27.40965,2.9630253,-0.32790136,0.064355955,-0.15745775,-0.51984185,-0.1262535,-0.39451337,0.03356032,1.0382841,-1.5394964,-1.2863426,0.67890215,28.033838,0.37783724,-2.5932813,0.037258852,-1.3812743,-1.9746175,0.028235054,27.947065,-1.8363812,-2.9001606,0.95172644,-1.2916474,0.5527926,1.4624035,-3.0254004,-0.8409435,-2.0530438,-1.0778869,0.0,-29.411345,1.6094414,2.2350025,-29.26986,-28.301985,-27.416206,-0.41171393,1.3649706,1.1896536,-2.1392326,0.0,-2.6692214,-2.4136326,-0.49048862,-0.04179274,1.913147,1.1664052,1.9360963,2.3377397,1.7114853,1.4048849,0.92739445,0.32951823,1.028595,3.2514253,2.0531235,1.3082936,-31.323053,1.7239985,-0.96218514,-29.29452,29.495104,0.28897142,0.0,1.3344176,-25.215464,0.0,-28.583607,-27.365278,-30.182575,1.475682,-0.6753963
cul-4,-29.160866,-27.96679,-29.024029,-27.11333,-0.51617324,-27.368677,-29.621092,-1.6758779,-28.823221,0.95277053,1.8010839,-0.5684496,-25.291395,3.1935668,-0.36699355,-27.784016,2.0469685,-27.964003,-27.43836,0.0,0.9741014,-27.072691,-30.188509,-1.9743248,-1.3541619,-26.796776,-27.722464,-28.983784,-0.22441652,0.8210525,-0.23775291,-2.844455,-1.5629216,-28.085419,-29.165,-28.250765,1.3327411,-25.310423,-28.470478,-27.437393,-28.736021,26.205284,0.7024254,-28.25134,-0.10104768,-1.3272184,1.1321378,1.7829856,-25.29462,0.11583591,-0.43281195,0.23834966,-27.509491,-1.2527446,-1.768822,-0.751377,-26.18758,-0.66432387,2.3346193,-28.468727,-1.0038028,-26.650446,4.9038334,-26.758347,0.65256864,-0.9730123,-26.35859,-25.875124,-26.701658,-27.170502,-1.2921194,-0.53622806,-26.331303,-27.747665,1.8458235,26.793543,-27.477026,3.888464,-27.993914,4.3917656,-26.55189,-27.20139,-27.607716,-2.0005698,-29.937845,-28.654095,0.47905797,-27.878536,0.7656642,3.1278157,-28.094334,0.0,1.8095185,-0.639218,-27.836939,-0.10539736,0.44100487,-2.0261629,-1.5112547,0.09033445,-29.547281,0.7549695,26.826202,0.0,-0.525174,-27.236153,26.976295,-28.693388,-0.22210477,0.44669205,-1.197776,26.473923,-28.310385,-0.62404335,-27.963612,0.845659,0.6762598,28.420858,1.3520541,-27.674475,-27.112175,-27.039047,1.0127128,0.0,-27.900501,2.6222603,-0.5042637,0.0,0.0,0.84700507,-1.2852589,-28.647156,-0.11139253,-27.077913,1.5249822,0.0,2.0658844,29.918175,-0.6467783,-27.126326,-0.012429775,-28.633202,-0.31905615,3.1297677,0.7089723,0.0,0.7039168,-1.1073277,-29.895992,27.142742,27.017084,0.0,-0.8617971,0.0,1.268878,27.03249,25.906015,0.0,2.016991,-27.365278,2.1405857,0.0,29.374876
fsn-1,-26.408705,-26.633537,-28.699749,-24.947737,-26.091488,-24.2374,-29.914698,-1.1239572,0.0,-25.623922,-27.262114,0.9524545,0.0,-28.771332,-2.0582001,1.0127702,-1.5021966,-27.443361,-24.594093,2.2049632,-0.32401407,-24.681473,-30.014263,-0.81508136,-0.08580086,-28.79333,-25.037159,-27.167786,0.16673945,0.24890836,0.0,-0.8477724,26.139248,0.0,-29.410845,0.0,0.90374637,0.0,-3.0429475,40.244907,-27.298885,0.8234692,0.15111075,-1.6178983,2.1072743,-0.77325666,-0.45322883,-27.982449,-24.797598,-1.6796892,-2.349819,-0.702273,-0.5564797,-0.9082239,-0.1743585,0.0,0.0,-1.6410519,-25.858747,0.1427212,-3.5739763,-24.765064,0.0,-27.490955,-0.62914324,0.53229755,0.0,-27.727411,-27.610086,0.0,1.1678218,-2.3673422,-0.9729017,-2.4396822,-0.17024624,-1.832596,-25.841578,-26.695898,-2.369871,0.0,-28.727749,-27.23408,1.2277685,-1.5493599,-28.119404,-2.3110275,-0.58099157,-1.9550992,29.7919,29.38205,0.62635356,-25.68499,0.6730534,-0.7957964,0.47336102,-1.0496142,-1.8109059,2.99368,1.0147027,-0.73585266,0.26467657,-0.3126353,0.70269346,-2.6675842,-1.1884364,-1.5468643,0.003261997,1.2875593,0.07442551,0.8154903,-1.331872,0.12699296,-0.90541685,0.9919693,-29.147,1.5577974,-0.8544025,27.13583,-2.8790412,-1.5278354,0.19118738,-24.843147,-28.678213,-28.530079,-27.54975,1.3078624,-2.377866,-28.927332,0.0,0.0,-0.08648251,-3.159321,0.028647497,-28.595741,1.0198078,0.0,28.672974,0.0,1.6180466,-30.282139,0.33028919,29.008446,2.330056,-1.7422726,29.341473,3.5434022,1.2432009,27.663416,4.5779953,0.44015267,28.365168,-0.4896125,25.848072,0.0,27.844316,-1.0732869,-1.8596506,3.125043,2.4304645,-28.960613,4.761571,-30.721027,0.0
uba-1,-31.79721,-32.07139,-3.0425076,-31.478237,-0.13062857,4.459404,-32.88264,0.06734692,6.3321934,-2.7324429,-34.007923,-0.21490334,4.448223,-33.345432,-0.20302837,1.365153,-0.096704386,-0.46134666,2.7347536,-0.5571324,0.7258982,-31.309563,-1.802288,0.7190672,-0.3975996,4.788814,-31.232891,-32.651546,1.4059049,-0.6792383,0.24836007,2.2953336,-1.6057218,1.7809256,-4.016843,0.517968,1.1730305,-30.41137,-1.002151,6.026986,-32.084316,1.1809158,-0.48962116,-1.0887666,1.365845,-0.49250466,-0.68673766,-3.4379847,2.7684338,-0.47380412,0.9307372,0.3275816,-0.41309905,1.4069525,-2.484878,0.047924872,-30.312159,1.5237342,0.08902766,-0.5140197,1.5849532,3.9774015,3.439596,-2.51033,2.3577628,1.0202259,-30.859997,5.717182,1.2703912,-2.8524666,-1.1664833,-0.8166128,-0.50293577,-0.21520004,-1.4602754,-0.09700103,-30.580612,-1.2622678,-3.1890242,3.167908,-0.31977922,1.9978256,1.1858679,-2.9357047,-31.660519,-0.2715416,3.0126798,0.44855326,0.80406517,1.9132375,-0.524628,-1.3559787,0.7290762,-0.4233393,0.7543153,-0.6198384,2.5943346,-0.28255114,1.5561259,0.10073232,-0.40347204,-0.6445681,0.51749843,2.686584,0.6239257,-0.80804354,2.3161433,-3.5407426,0.31219158,-0.80885315,-0.725471,-1.2735581,-0.6082227,-0.68727416,-30.020924,-1.9202831,-1.0857974,1.0937909,-1.421544,0.3742493,-28.952946,-31.518028,-28.023607,-30.275509,-31.801098,1.0766771,0.13045503,-1.4588833,-1.4639641,3.3088355,-1.4996186,-0.654753,-1.4029791,-1.8528204,0.5355544,6.7877846,0.34049663,-0.005660716,-0.81220376,-0.5597437,1.1060904,0.94066805,-0.76975536,0.15105997,-1.5760657,0.80674833,-0.45363793,0.043000747,1.6888413,-0.39446548,-2.3237677,-0.02116483,1.6896048,-1.0604473,-2.1154792,-1.3432566,-1.2128551,0.7853681,-0.047851328,-30.547632,0.9990119,2.8175387,3.4845276
hsp-3,-37.001095,2.0714777,-5.008533,-1.6231916,0.6556863,0.9885976,-33.3285,-0.1685049,7.4005785,0.9843519,-4.0536413,1.6975924,-1.2258502,-1.9992623,0.8049009,2.2344792,-1.6866199,4.868966,0.44696623,6.7918487,3.553698,-33.5702,0.2346319,0.012711059,-1.2823471,1.6104791,-1.4915963,0.96588206,0.66819626,3.670762,-2.8315408,-0.021127647,0.5542583,2.5314221,-2.6644895,0.596559,-0.6834944,4.1594834,6.962257,-0.5311386,0.8444402,-0.89345056,-1.3643656,1.9668199,4.724664,3.3521066,6.393843,2.6533933,-32.610508,0.10868451,6.0570445,3.1493812,1.3863528,0.58709073,4.644088,-0.39088106,5.7693963,-0.7491433,1.1826816,7.431284,-0.22195306,2.5956993,1.2545178,1.3322463,1.5134816,2.0122433,1.9074256,-32.991753,-1.4217777,2.241134,-1.3324633,3.814884,2.2723377,4.785814,2.729427,0.63570374,-3.717385,-0.45972306,4.8122153,2.6479402,-1.7100294,4.0204253,4.086674,2.6116817,2.3398447,1.5034428,-0.84364533,-1.1581837,2.6648695,1.2660593,-0.17578767,-3.9165225,-0.8915252,3.8600104,-0.90792245,3.2667994,-0.26806784,1.0199068,-1.0933529,6.4973493,6.816884,2.9887772,3.633175,0.1403124,5.9742894,5.4062233,4.1389,3.8560085,-1.2400403,-0.7137674,3.2667043,0.6209161,-0.60593164,0.35647905,8.778598,3.4139988,4.7768393,0.80515456,0.37467945,-5.539508,6.7102604,-31.46447,5.6592326,8.243708,-32.223507,-0.8627695,2.2592018,1.1941688,-0.040773697,2.598203,0.49142545,4.475188,1.7340634,-1.834181,-1.0645236,-3.3332117,1.2742552,-0.49446824,1.0186193,2.8887928,0.68217266,1.6675082,1.2607143,-0.18023726,3.4575462,2.6329782,-0.7269673,1.7963346,1.2038949,1.717324,2.4249249,0.88728607,5.6379232,1.8753573,2.8088667,1.3513843,0.09346135,2.5087323,2.4389756,2.7401094,-1.5163156,2.8547726,-3.3523579
hsp-17,-26.943598,-29.769295,-23.37005,-24.858183,0.0,-24.850063,-27.891151,0.0,-30.92296,0.0,-28.905348,0.0,0.0,-26.229279,0.0,0.0,0.0,-27.15137,-35.466576,0.0,0.0,-27.332674,-26.91746,0.0,1.9269646,-28.50589,-0.38152966,0.0,0.0,-23.519026,0.75209314,0.0,0.0,0.0,-27.996267,-0.36292073,3.0266235,0.0,0.0,0.0,-27.764894,-25.173513,0.0,0.0,28.453173,-27.966372,0.0,-30.642927,-0.7622027,0.0,0.0,-25.956902,-28.777157,0.0,0.0,-0.71052843,0.0,-1.9214984,-5.552685,0.0,0.0,-24.452799,-26.024607,0.0,0.0,0.0,-25.617966,-24.376482,0.0,-4.266459,-27.76154,0.0,0.0,0.0,0.0,0.0,0.0,-2.873594,0.0,-24.242144,-26.463627,-29.017262,0.0,0.0,4.0166984,0.0,0.0,-27.08367,29.16786,-26.375994,0.0,0.0,-22.447273,0.0,0.0,0.0,-0.3208236,-0.04495218,-24.990019,0.0,0.0,0.0,0.0,26.507929,0.0,0.0,0.0,-25.889294,0.0,0.0,0.0,0.0,0.0,0.0,-27.058628,0.0,-23.837833,0.10330771,0.0,0.0,0.0,0.0,0.0,-28.405909,-28.598833,0.0,0.0,27.565872,-25.911707,-27.744171,0.0,0.0,0.0,0.0,-25.900442,0.0,-26.660975,2.0622542,-26.417826,0.0,0.0,0.0,0.0,0.0,0.0,0.0,0.0,0.0,0.0,0.0,27.215815,0.0,0.0,0.0,0.0,0.0,0.0,-26.524162,0.0,0.0,-27.30131,0.0,-2.0272043
hsp-43,-35.247353,-1.7728465,-25.313244,-22.707403,0.0,-24.685734,-29.92621,-26.063509,-1.7047201,-0.66731435,-27.495354,29.351048,0.0,-30.71275,0.83155286,-26.203882,-26.449371,-28.46816,-35.079544,-26.208189,0.0,-32.540226,-25.317465,-25.506664,-0.4990232,-30.874233,-36.31408,0.0,0.0,-24.044025,-2.3499682,0.0,0.44541654,0.0,-0.21652934,0.13193099,1.3211185,-24.966717,0.0,-0.24447763,-0.21052006,0.0,0.0,0.0,-26.651194,-25.998575,0.0,0.9467738,-29.534733,0.0,0.0,-25.714632,1.7799948,0.0,0.0,3.7264595,0.0,1.1455692,-4.523279,26.976295,0.0,2.0079346,0.023857772,0.0,0.0,0.0,0.72395515,-25.534977,0.0,-28.630312,0.62942594,0.0,0.0,0.0,0.0,0.0,-30.4689,-36.482338,-25.582003,-0.8362482,-26.445608,3.1365695,0.0,0.0,-30.430895,0.0,-26.097353,0.0,29.16786,0.0,0.0,0.0,0.17411634,-26.085056,-27.23594,0.0,0.0,0.0,0.0,0.0,0.0,0.0,-26.947144,0.0,0.0,0.0,0.0,0.0,25.604063,-26.348337,0.0,0.0,0.0,-23.686884,0.0,0.0,-23.878866,-0.6241415,0.0,-25.255474,0.0,-34.457718,0.0,0.0,-26.894527,0.0,0.0,-27.744204,0.0,0.0,0.0,-27.572325,-28.771715,-25.367733,0.0,-28.233541,0.0,-2.9260826,-26.417826,0.0,0.0,0.0,0.83335036,0.0,0.0,-28.356234,0.0,0.0,0.0,0.0,27.045582,0.0,0.0,1.7642176,0.0,-27.082603,-25.328789,0.0,0.0,0.0,-27.101831,0.0,-32.467407
hsp-1,-36.014008,-5.2859435,-2.3987725,-32.976517,-2.3897438,-34.44515,2.980949,-0.033491198,4.4024987,-3.113615,0.6068286,-1.7642223,-36.40982,-1.8843077,-0.6412442,1.0739503,-1.1124616,2.9531126,-5.8204136,-0.26869065,-1.6124935,2.141947,-5.1481404,-0.30871105,-0.381021,2.2326946,1.9776369,-36.239594,-0.011700785,-0.12716843,-1.0076895,0.17848934,-1.1956743,1.6700959,-1.3665831,-2.1619916,1.6117066,0.24639761,0.04821811,-3.76501,-0.6311048,-0.90720206,-1.2153909,0.5907271,-0.13306166,-0.7796477,-0.80970997,-0.67809045,3.7608714,0.6321721,-1.2937245,0.9785417,2.2583323,-1.2572354,-2.6839142,2.6410046,-31.608494,0.7128181,1.9531417,0.013245627,-0.53053147,1.7452742,0.5951397,-0.045705438,-0.6503667,1.3902863,0.56164247,-1.9069396,-2.3747544,2.5324073,-0.95643574,-1.1978725,1.237046,0.03510448,0.20767254,-0.51928276,0.41279495,0.4487505,-1.6530904,0.65305287,-1.2181369,1.4402475,-1.4183956,-3.6098416,2.3554013,0.41152787,1.3413565,-2.0303352,0.55998474,0.946613,-0.1289376,0.659915,3.5515347,-0.80740017,-0.22057863,0.10362419,-0.86862093,-0.82460284,-0.73751986,-1.4321256,0.5624504,-2.0148566,-1.466738,-0.85782385,-1.223077,-1.8721004,2.0156915,0.45101148,-0.48641032,-3.6517625,-1.1223896,-0.09821973,-1.029887,-0.37117696,-1.0699826,0.43340603,-1.6330171,-0.6712773,0.60579276,-0.956399,1.2930443,2.4018562,1.6784207,1.485729,-33.826534,-0.31855625,0.4430502,-4.678639,0.616543,0.12742671,-1.6087413,-4.146918,0.43963915,-0.8895599,-1.1209797,-0.31407133,0.7688344,-1.5840188,-0.6725997,1.5139275,0.6048849,-1.0545604,-0.7053073,0.659943,-1.2624545,0.12827335,1.0796944,-2.543856,-0.77602565,1.2157096,-1.2759931,0.536729,0.44942918,3.1123912,0.64112157,0.84572923,2.0527575,0.55276865,0.73497766,4.825672,3.1788795,2.425506,-3.6937513
hsp-60,-29.457178,-28.880352,1.6074748,-29.325703,-28.510872,-29.282522,-30.266981,-0.6373504,0.0,0.008686665,-30.555176,-28.244646,-30.33295,-32.72459,0.8966857,-0.32056004,-27.137522,3.0913508,-28.837198,-28.30605,-0.7899781,-29.1594,-30.664347,-0.397082,1.0412562,-27.297161,4.334619,-27.34054,-0.6995323,-0.829917,-1.756988,-0.6232848,-0.39968392,-27.101591,-28.770538,-29.18345,-1.0272822,-28.60625,-1.2003239,-30.55906,-29.827433,-1.6993482,0.58125293,-0.40432534,-0.6611699,-28.008802,-0.39324087,-25.376505,-28.469025,-1.6648684,-1.0311292,-1.1388505,0.0,-2.2005937,-27.560522,-1.3464998,-27.03661,2.9341073,2.8657131,1.3707154,-0.58026755,5.6808667,-28.469206,-29.250011,0.0,0.021475274,-24.843147,-29.095547,-1.5155903,2.8498278,1.7624127,0.87950146,-27.270596,-26.475788,-0.06903934,0.34543678,-28.897526,3.9794788,-1.6149316,-27.075151,1.8575644,-1.0512881,-1.297845,-28.824091,-29.532064,-26.608751,-26.980717,1.623258,-28.598654,-1.6860772,-1.0410647,-29.016056,0.39451674,-30.242693,-28.856104,-1.1999013,-28.052202,-1.0606521,-26.660347,-1.6371144,1.4956683,-1.7608819,-1.3018056,-29.268955,0.38191432,-28.321081,-29.39107,-1.1960375,-1.1942079,-27.950865,-1.8508815,-3.2364311,-0.4561878,-27.578606,-26.835772,0.33429947,-1.495939,29.302664,1.9417424,-0.4482625,0.0,-26.583344,-26.817543,-28.387424,-27.683867,-27.835207,-3.2719364,-0.2793969,-26.059183,5.0488315,-1.5462106,0.16997164,-29.469358,0.94549114,0.921016,30.880167,3.1715944,0.90352756,-0.5703835,-29.620607,0.83131444,1.1442422,0.0,-28.53592,0.0,-28.03732,1.7887224,-29.29663,2.6237652,-27.62056,-0.22903752,0.19750421,27.640633,0.19839968,-27.84838,0.7672459,-25.563383,2.7078123,-27.46571,-27.74425,-26.856327,0.0,-30.228615
